{"cameraMode":{"drawMode":0,"name":"Shaded","section":"Shading Mode"},"sceneLighting":true,"audioPlay":false,"sceneViewState":{"showFog":true,"showMaterialUpdate":false,"showSkybox":true,"showFlares":true,"showImageEffects":true,"showParticleSystems":true,"showVisualEffectGraphs":true,"m_FxEnabled":true},"in2DMode":false,"pivot":{"x":0.35083770751953127,"y":0.2728850841522217,"z":1.2150903940200806},"rotation":{"x":-0.14795473217964173,"y":0.4623197615146637,"z":-0.07855603843927384,"w":-0.8707459568977356},"size":4.732050895690918,"orthographic":false}